{
  "mae": 0.06435967105689148,
  "rmse": 0.10152073042537171,
  "r2": 0.951719021335377,
  "train_size": 240,
  "test_size": 60,
  "num_descriptors": 208
}